1,tanuki,tanuki202101.jpg
2,tanuki,tanuki202101.gif
3,tanuki,tanuki202102.png
4,radio,radio04.jpg
5,radio,radio03.jpg
6,radio,radio02.jpg
7,radio,radio01.jpg
8,radio,radioThumb01.jpg
9,radio,radioThumb02.jpg
10,radio,radioThumb03.jpg
11,drink,drink202008.jpg
12,drink,drink202009.jpg
13,drink,drink202011.jpg
14,drink,drink202012.jpg
15,drink,drink202101.jpg
16,drink,drink202102.png
17,drink,drink202103.jpg
18,walk,walkWorksheet.jpg
19,walk,walkTsushin.jpg
20,walk,walkTanuki.jpg
21,walk,walkShinbun.jpg
22,walk,walkRadio.jpg
23,walk,walkHoukoku.jpg
24,walk,walkSodan.jpg
25,walk,walkSearch.jpg
26,walk,walkRoom.jpg
27,walk,walkDesisuikai.jpg
28,others,sodanMasamin.png
29,others,sodanHayabusa.png
30,others,sodanEveryone.png
